Epoch,Batch,MSE,PSNR,SSIM
1,1,0.2324,6.1207,0.7538
1,2,0.2249,6.2929,0.8305
1,3,0.2189,6.4183,0.7204
1,4,0.2185,6.4252,0.8005
1,5,0.2333,6.1383,0.7553
1,6,0.2175,6.4221,0.8039
1,7,0.2182,6.3733,0.6826
1,8,0.2094,6.6228,0.7059
1,9,0.1992,6.8054,0.7118
1,10,0.1838,7.1480,0.6341
1,11,0.1749,7.2983,0.6955
1,12,0.1679,7.5059,0.7532
1,13,0.1481,8.0497,0.5771
1,14,0.1404,8.2546,0.8041
1,15,0.1315,8.5849,0.5234
1,16,0.1279,8.7075,0.7217
1,17,0.1034,9.6367,0.6649
1,18,0.1011,9.8517,0.7310
1,19,0.1103,9.5665,0.7906
1,20,0.1051,10.0170,0.7226
1,21,0.1069,10.4355,0.7051
1,22,0.0864,11.0467,0.8143
1,23,0.0983,11.0441,0.7113
1,24,0.0823,11.7571,0.6456
1,25,0.1035,11.3746,0.6674
2,1,0.0941,10.9326,0.6683
2,2,0.1059,11.7013,0.6874
2,3,0.0769,11.9602,0.6788
2,4,0.1289,10.2367,0.7306
2,5,0.1120,10.1575,0.6572
2,6,0.1198,9.6452,0.7639
2,7,0.1239,10.3592,0.6833
2,8,0.0956,10.8301,0.7250
2,9,0.1096,10.2750,0.6793
2,10,0.0911,10.8677,0.6937
2,11,0.1021,10.2701,0.6438
2,12,0.0933,10.9060,0.8360
2,13,0.1067,10.4511,0.6155
2,14,0.1038,10.0597,0.5442
2,15,0.0753,11.4944,0.8198
2,16,0.1098,9.9791,0.5543
2,17,0.0955,10.3538,0.6247
2,18,0.0883,10.8994,0.7690
2,19,0.0925,10.2593,0.7042
2,20,0.0764,11.4585,0.7154
2,21,0.1197,9.5664,0.6469
2,22,0.0873,10.9972,0.8020
2,23,0.0883,10.4883,0.7029
2,24,0.0880,10.5086,0.7002
2,25,0.1018,10.2033,0.7217
3,1,0.0787,11.1521,0.6817
3,2,0.1043,10.2430,0.7218
3,3,0.0914,10.5315,0.7517
3,4,0.0875,10.8697,0.6593
3,5,0.0813,10.9964,0.8140
3,6,0.0862,10.7620,0.6892
3,7,0.0905,10.4779,0.6340
3,8,0.0881,10.5519,0.7753
3,9,0.0809,11.0816,0.7054
3,10,0.0976,10.4539,0.7414
3,11,0.0979,10.7610,0.7297
3,12,0.0803,11.2879,0.6866
3,13,0.0994,10.5594,0.7262
3,14,0.1081,10.1771,0.7994
3,15,0.0890,10.3921,0.6231
3,16,0.1140,9.9680,0.6866
3,17,0.0997,10.1587,0.5941
3,18,0.1123,9.5341,0.6684
3,19,0.0843,10.8010,0.7251
3,20,0.0905,10.4942,0.6498
3,21,0.0903,10.7084,0.7339
3,22,0.0936,10.5633,0.7386
3,23,0.0710,11.5325,0.6654
3,24,0.0969,10.6243,0.7479
3,25,0.0490,13.1244,nan
4,1,0.0796,11.6440,0.7004
4,2,0.0953,11.1898,0.7877
4,3,0.0877,11.1765,0.7793
4,4,0.0652,12.5237,0.7937
4,5,0.0811,11.8355,0.7645
4,6,0.0597,12.6510,0.8505
4,7,0.0792,11.9404,0.7373
4,8,0.1128,10.2156,0.7206
4,9,0.0818,11.5152,0.8172
4,10,0.0825,10.9401,0.8106
4,11,0.0821,11.1628,0.6902
4,12,0.1086,10.1027,0.5979
4,13,0.0759,11.0211,0.7920
4,14,0.0881,10.5718,0.7715
4,15,0.0812,10.8451,0.8138
4,16,0.0750,11.3067,0.8007
4,17,0.0800,11.0600,0.7158
4,18,0.0757,11.4621,0.6191
4,19,0.0841,11.0810,0.7478
4,20,0.0828,11.0347,0.7325
4,21,0.0981,10.6601,0.6758
4,22,0.0938,11.2993,0.7302
4,23,0.0846,11.5027,0.7616
4,24,0.1025,10.4925,0.6911
4,25,0.0947,10.7502,0.8244
5,1,0.0927,10.6708,0.7366
5,2,0.0831,11.0835,0.8097
5,3,0.0738,11.3889,0.8769
5,4,0.0783,11.1747,0.7573
5,5,0.0819,11.0804,0.7394
5,6,0.0834,10.7863,0.8029
5,7,0.0845,10.8594,0.8057
5,8,0.0766,11.3350,0.7760
5,9,0.0844,10.7276,0.7355
5,10,0.0940,10.6700,0.7861
5,11,0.0796,11.2795,0.7588
5,12,0.0784,11.1176,0.7231
5,13,0.0661,11.9437,0.8456
5,14,0.0687,11.7065,0.8492
5,15,0.0871,10.9638,0.7917
5,16,0.0963,10.5430,0.7321
5,17,0.0810,11.4549,0.7552
5,18,0.0744,11.5846,0.7934
5,19,0.0919,11.0861,0.7203
5,20,0.0817,11.2398,0.7457
5,21,0.0826,11.0167,0.8441
5,22,0.0689,11.7938,0.8132
5,23,0.0950,10.4676,0.7921
5,24,0.0718,11.8950,0.8530
5,25,0.0822,11.1749,0.7727
6,1,0.0926,11.0151,0.7099
6,2,0.0906,10.8700,0.7871
6,3,0.0777,11.4283,0.8548
6,4,0.0582,12.2702,0.7421
6,5,0.0743,11.6393,0.7424
6,6,0.1088,10.1873,0.8004
6,7,0.0910,10.8001,0.8053
6,8,0.0629,11.9956,0.8134
6,9,0.0818,11.2767,0.8016
6,10,0.0811,11.1332,0.8213
6,11,0.0689,11.7095,0.8064
6,12,0.0738,11.5931,0.7527
6,13,0.0827,11.6632,0.8897
6,14,0.0730,11.5704,0.6962
6,15,0.0712,11.5416,0.7788
6,16,0.0805,11.4335,0.8266
6,17,0.1115,10.1180,0.7741
6,18,0.0663,12.0200,0.8624
6,19,0.0642,12.1569,0.8102
6,20,0.0809,11.1712,0.8121
6,21,0.0707,11.7508,nan
6,22,0.0880,11.3837,0.7777
6,23,0.0837,11.0779,0.7839
6,24,0.0748,11.4751,0.7937
6,25,0.0754,11.8645,0.7986
7,1,0.0717,11.5150,0.8420
7,2,0.0788,11.3290,0.8499
7,3,0.0850,10.9671,0.7462
7,4,0.0830,11.2603,0.7866
7,5,0.0781,11.4350,0.7886
7,6,0.0580,12.6221,0.8127
7,7,0.0641,12.1609,0.7755
7,8,0.0896,10.7095,0.8072
7,9,0.0760,11.7160,0.8282
7,10,0.0657,11.8408,0.7465
7,11,0.0629,12.2921,0.7968
7,12,0.0857,11.4204,0.8111
7,13,0.0692,11.8882,0.8822
7,14,0.0946,10.9494,0.7639
7,15,0.1076,10.0853,0.7947
7,16,0.0890,10.7606,0.8058
7,17,0.0701,11.7717,0.8922
7,18,0.0939,10.5676,0.7872
7,19,0.0654,11.8410,0.7687
7,20,0.0875,10.8730,0.7895
7,21,0.0842,10.7227,0.7349
7,22,0.0827,11.2552,0.8537
7,23,0.0761,11.1633,0.7780
7,24,0.0680,11.7387,0.7145
7,25,0.0914,10.7220,0.7529
8,1,0.0845,11.0870,0.8488
8,2,0.0975,10.5653,0.7253
8,3,0.1013,10.4349,0.7833
8,4,0.0915,10.4098,0.7815
8,5,0.0835,10.7487,0.7891
8,6,0.0894,10.6672,0.6738
8,7,0.0721,11.3596,0.8521
8,8,0.0771,11.3462,0.6452
8,9,0.0656,12.0199,0.7590
8,10,0.0798,11.2188,0.7157
8,11,0.0784,11.3942,0.7388
8,12,0.0727,12.0123,nan
8,13,0.1032,10.7418,0.6954
8,14,0.0851,11.4716,0.7501
8,15,0.0780,11.6438,0.7336
8,16,0.0627,12.0428,0.8082
8,17,0.0757,11.3383,0.7223
8,18,0.0845,10.9134,0.7858
8,19,0.0688,11.8792,0.8517
8,20,0.0770,11.1422,0.7094
8,21,0.0878,10.9542,0.7464
8,22,0.0751,11.5058,0.8145
8,23,0.1037,10.3381,0.6994
8,24,0.0694,11.7361,0.7724
8,25,0.0601,12.0860,0.7714
9,1,0.0769,11.4608,0.8108
9,2,0.0693,11.8636,0.7430
9,3,0.0920,10.9293,0.8263
9,4,0.0770,11.3046,nan
9,5,0.0647,12.3263,0.7673
9,6,0.0835,11.3617,0.7609
9,7,0.0800,11.3263,0.7969
9,8,0.1148,10.0564,0.7047
9,9,0.0698,11.5587,0.8781
9,10,0.0690,11.9211,0.8596
9,11,0.0658,11.8020,0.8086
9,12,0.0732,11.3958,0.7146
9,13,0.0984,10.7386,0.6810
9,14,0.0744,11.5615,0.7036
9,15,0.0841,10.9900,0.7032
9,16,0.0794,11.3211,0.7641
9,17,0.0889,10.6590,0.6201
9,18,0.0697,11.4802,0.8451
9,19,0.0685,11.5208,0.8582
9,20,0.0735,11.4442,0.7302
9,21,0.0717,11.8355,0.8532
9,22,0.0778,11.4803,0.7700
9,23,0.0611,12.2522,0.8299
9,24,0.0788,11.3817,0.7690
9,25,0.0726,11.7079,0.7518
10,1,0.1033,11.1354,0.7760
10,2,0.0804,11.0234,0.7188
10,3,0.0752,11.6370,nan
10,4,0.0815,11.1676,0.7207
10,5,0.0782,11.1480,0.7993
10,6,0.0687,11.8117,0.7533
10,7,0.0665,11.9692,0.7739
10,8,0.0871,11.1722,0.6822
10,9,0.0737,11.6558,0.7859
10,10,0.0816,11.0812,0.7318
10,11,0.0785,11.7042,0.6995
10,12,0.0730,11.5643,0.7131
10,13,0.0747,11.3335,0.6942
10,14,0.0840,10.8648,0.7166
10,15,0.0757,11.4148,0.7992
10,16,0.0870,10.9260,0.7177
10,17,0.0720,11.6383,0.7160
10,18,0.0840,11.0727,0.8337
10,19,0.0886,11.0715,0.8318
10,20,0.0831,11.0372,0.7335
10,21,0.0687,11.8977,0.8329
10,22,0.0777,11.0717,0.8291
10,23,0.0804,11.5182,0.8013
10,24,0.0774,11.1741,0.7939
10,25,0.0717,11.5223,0.7491
11,1,0.0789,11.1527,0.7827
11,2,0.0686,11.5772,0.8812
11,3,0.0859,11.1098,0.6887
11,4,0.0646,11.9503,0.7349
11,5,0.0775,11.4678,0.8336
11,6,0.0771,11.3832,0.7353
11,7,0.0753,11.7351,0.7794
11,8,0.0768,11.6285,0.7395
11,9,0.0537,12.7175,0.8083
11,10,0.0812,11.6966,0.7425
11,11,0.0687,12.0710,0.8252
11,12,0.0791,11.1578,0.6954
11,13,0.0666,12.7145,0.7930
11,14,0.0728,11.7365,0.8452
11,15,0.0836,11.1617,0.8485
11,16,0.0826,11.3228,0.6867
11,17,0.0747,11.4699,0.7776
11,18,0.0512,12.6926,0.8919
11,19,0.0660,12.1349,0.8106
11,20,0.0739,11.9204,0.7402
11,21,0.0769,12.0427,0.7698
11,22,0.0944,10.5713,0.6680
11,23,0.0684,12.1984,0.8555
11,24,0.0768,11.2627,0.7735
11,25,0.0664,11.9850,0.8042
12,1,0.0614,12.0598,0.8117
12,2,0.0717,11.7700,0.7663
12,3,0.0798,11.0800,0.6952
12,4,0.0766,11.7695,0.7225
12,5,0.0674,11.8668,0.8775
12,6,0.0641,12.1455,0.8416
12,7,0.0738,12.0011,0.7162
12,8,0.0791,11.7225,0.7679
12,9,0.0793,11.2440,0.8593
12,10,0.0768,11.2039,0.8107
12,11,0.0624,12.0086,0.7866
12,12,0.0667,11.7743,0.8337
12,13,0.0803,11.4125,0.8240
12,14,0.0925,10.9747,0.7117
12,15,0.0712,11.7576,0.7584
12,16,0.0681,12.2068,0.8039
12,17,0.0566,12.5624,0.8016
12,18,0.0540,12.7446,0.8357
12,19,0.0589,12.9685,0.7363
12,20,0.0696,12.1224,0.7802
12,21,0.0649,12.8555,0.9056
12,22,0.0861,11.1472,0.7879
12,23,0.0603,12.8771,0.8871
12,24,0.0671,11.9115,0.7163
12,25,0.0912,11.1875,0.7582
13,1,0.0719,11.3784,0.8090
13,2,0.0646,11.8752,0.8207
13,3,0.0739,11.5146,0.7957
13,4,0.0554,12.6955,0.8582
13,5,0.0627,12.7187,0.8281
13,6,0.0684,12.0799,0.7675
13,7,0.0807,11.9866,0.7839
13,8,0.0631,13.0027,0.8282
13,9,0.0620,12.8163,0.8582
13,10,0.0657,12.3101,0.7388
13,11,0.0669,12.1565,0.8726
13,12,0.0689,11.7364,0.8160
13,13,0.0981,10.4368,0.7080
13,14,0.0821,11.1116,0.6814
13,15,0.0764,11.3191,0.7568
13,16,0.0751,11.5489,0.8528
13,17,0.0720,11.6991,0.8043
13,18,0.0570,12.6780,0.7867
13,19,0.0717,12.5840,0.7813
13,20,0.0559,13.3028,0.7649
13,21,0.0627,12.7428,0.7987
13,22,0.0719,12.1316,0.7398
13,23,0.0630,12.3886,0.8982
13,24,0.0707,12.3694,0.7791
13,25,0.0675,12.3640,0.8225
14,1,0.0710,11.8926,0.7706
14,2,0.0645,11.8859,0.7535
14,3,0.0690,11.6819,0.8068
14,4,0.0696,11.7910,0.7430
14,5,0.0631,12.2462,0.6857
14,6,0.0683,12.2463,0.7846
14,7,0.0496,13.5118,0.9140
14,8,0.0671,12.5622,0.7320
14,9,0.0549,13.7889,0.8156
14,10,0.0525,13.3769,0.7792
14,11,0.0640,12.5026,0.7806
14,12,0.0619,12.7998,0.7173
14,13,0.0690,11.6921,0.7508
14,14,0.0596,12.3388,0.7794
14,15,0.0726,11.7458,0.7641
14,16,0.0387,14.2324,0.9089
14,17,0.0622,12.8450,0.7337
14,18,0.0575,13.3104,0.7387
14,19,0.0563,13.8249,0.8671
14,20,0.0509,14.3281,0.7742
14,21,0.0908,11.6797,0.7263
14,22,0.0574,12.8599,0.7862
14,23,0.0655,12.6081,0.8640
14,24,0.0647,11.8156,0.8188
14,25,0.0521,12.9550,0.8228
15,1,0.0605,12.7591,0.8355
15,2,0.0730,12.7561,0.8204
15,3,0.0700,12.2914,0.8834
15,4,0.0468,14.1433,0.8565
15,5,0.0591,12.6367,0.7474
15,6,0.0797,12.0981,0.7473
15,7,0.0834,11.8960,0.7518
15,8,0.0652,11.9051,0.7654
15,9,0.0616,11.9690,0.7352
15,10,0.0678,12.1922,0.7882
15,11,0.0666,12.0379,0.7837
15,12,0.0697,12.5440,0.7041
15,13,0.0874,11.5996,0.6946
15,14,0.0795,12.0621,0.7243
15,15,0.0642,12.5177,0.7820
15,16,0.0768,11.6363,0.7479
15,17,0.0621,12.3204,0.7931
15,18,0.0712,11.7891,0.6474
15,19,0.0623,12.3264,0.8050
15,20,0.0582,12.5343,0.8429
15,21,0.0504,13.2732,0.8659
15,22,0.0584,12.7874,0.8310
15,23,0.0683,12.5924,0.7250
15,24,0.0558,12.9953,0.7936
15,25,0.0587,13.0125,0.7696
16,1,0.0610,13.1611,0.7406
16,2,0.0703,12.9661,0.8464
16,3,0.0753,11.6961,0.7706
16,4,0.0667,11.8399,0.6896
16,5,0.0667,11.6286,0.7633
16,6,0.0757,11.4994,0.7789
16,7,0.0655,12.2123,0.7620
16,8,0.0512,13.1333,0.7910
16,9,0.0562,13.6347,0.7575
16,10,0.0555,13.3790,0.7380
16,11,0.0591,14.7553,0.8248
16,12,0.0426,14.7041,0.8866
16,13,0.0645,13.4349,0.7065
16,14,0.0380,14.9316,0.8416
16,15,0.0955,11.0200,0.6578
16,16,0.0505,13.5281,0.8151
16,17,0.0577,12.9739,0.8265
16,18,0.0325,14.8637,0.8396
16,19,0.0883,11.3464,0.6935
16,20,0.0430,13.9224,0.8197
16,21,0.0485,13.5306,nan
16,22,0.0744,12.4633,0.7633
16,23,0.0981,10.9293,0.7660
16,24,0.0564,12.9590,0.8038
16,25,0.0523,13.3318,0.7816
17,1,0.0661,12.3665,0.8164
17,2,0.0726,11.8340,0.7595
17,3,0.0565,12.7504,0.7908
17,4,0.0505,13.0419,0.8474
17,5,0.0590,12.4014,0.7859
17,6,0.0549,13.3343,0.7821
17,7,0.0460,14.1462,0.8576
17,8,0.0464,14.2134,0.8657
17,9,0.0373,15.1143,nan
17,10,0.1070,11.2785,0.6906
17,11,0.0652,12.8503,0.8415
17,12,0.0482,13.7781,0.8655
17,13,0.0587,13.2613,0.7852
17,14,0.0464,13.4385,0.8452
17,15,0.0648,12.1970,0.7642
17,16,0.0594,12.4132,0.7454
17,17,0.0711,11.8600,0.7775
17,18,0.0720,11.7070,0.8014
17,19,0.0645,12.2165,0.8019
17,20,0.0571,12.7331,0.8189
17,21,0.0654,12.3121,0.7929
17,22,0.0867,11.4043,0.7691
17,23,0.0524,13.7181,0.8234
17,24,0.0646,12.3252,0.8282
17,25,0.0624,12.8357,0.7468
18,1,0.0678,12.1071,0.7162
18,2,0.0661,12.4175,nan
18,3,0.0596,12.6631,0.7929
18,4,0.0638,12.6073,0.7512
18,5,0.0673,11.9259,0.7795
18,6,0.0627,12.6004,0.7507
18,7,0.0574,13.0017,0.7698
18,8,0.0431,13.9744,0.8079
18,9,0.0681,12.2572,0.7308
18,10,0.0465,13.5774,0.8573
18,11,0.0966,10.8917,0.7051
18,12,0.0536,13.7859,0.8263
18,13,0.0565,12.9308,0.7592
18,14,0.0624,12.6663,0.7268
18,15,0.0547,12.8263,0.8118
18,16,0.0699,12.0865,0.7710
18,17,0.0504,13.5097,nan
18,18,0.0609,12.7593,0.8680
18,19,0.0753,12.4456,0.7351
18,20,0.0693,12.5593,0.8430
18,21,0.0464,13.7427,0.7915
18,22,0.0476,14.2701,0.7559
18,23,0.0548,13.2338,0.7427
18,24,0.0651,12.6277,0.6906
18,25,0.0689,12.5776,0.7431
19,1,0.0515,13.4105,0.8684
19,2,0.0493,13.4347,0.8396
19,3,0.0621,12.4251,0.7448
19,4,0.0419,13.7416,0.8711
19,5,0.0762,11.8864,0.7986
19,6,0.0425,13.8175,0.8360
19,7,0.0537,13.9946,0.8089
19,8,0.0526,13.8114,0.7747
19,9,0.0522,13.9416,0.7846
19,10,0.0629,12.8823,0.6842
19,11,0.0564,13.1397,0.7973
19,12,0.0640,12.6489,0.7261
19,13,0.0611,12.6984,0.7344
19,14,0.0590,12.4975,0.7401
19,15,0.0506,13.1702,0.8181
19,16,0.0520,13.4794,0.8686
19,17,0.0734,13.0367,0.7561
19,18,0.0566,13.3100,0.8020
19,19,0.0414,15.0474,0.8672
19,20,0.0537,14.2817,0.8310
19,21,0.0715,13.5388,0.7548
19,22,0.0737,12.2929,0.8408
19,23,0.0574,13.2299,0.7830
19,24,0.0585,12.5953,0.8455
19,25,0.0499,13.2019,0.7485
20,1,0.0630,12.3002,0.7842
20,2,0.0606,12.3605,0.8147
20,3,0.0639,13.1136,0.7930
20,4,0.0597,13.0024,0.7630
20,5,0.0644,13.0018,0.8000
20,6,0.0412,14.4612,0.7997
20,7,0.0581,13.0025,0.7969
20,8,0.0841,11.7360,0.7851
20,9,0.0610,12.7323,0.8617
20,10,0.0566,13.1074,0.7796
20,11,0.0664,12.2713,0.7522
20,12,0.0495,13.0619,0.8227
20,13,0.0597,12.2267,0.7245
20,14,0.0588,12.9580,0.7672
20,15,0.0783,12.0388,0.7755
20,16,0.0684,12.6684,0.7034
20,17,0.0661,12.8145,0.8750
20,18,0.0681,12.4802,0.7646
20,19,0.0534,13.0880,0.7829
20,20,0.0622,12.5219,0.7362
20,21,0.0719,11.5609,0.7324
20,22,0.0702,11.7310,0.7705
20,23,0.0604,12.1378,0.8191
20,24,0.0494,13.0929,0.7998
20,25,0.0554,12.9853,0.7832
21,1,0.0587,13.1367,0.8700
21,2,0.0436,14.3425,0.7896
21,3,0.0468,14.3133,nan
21,4,0.0821,12.7116,0.7864
21,5,0.0559,13.8616,0.9011
21,6,0.0561,13.3908,0.8956
21,7,0.0512,13.0765,0.7673
21,8,0.0673,12.2811,0.7045
21,9,0.0476,13.2460,0.8206
21,10,0.0597,12.5283,0.7322
21,11,0.0589,12.6194,0.7727
21,12,0.0386,14.0759,0.8080
21,13,0.0728,12.2691,0.8377
21,14,0.0562,13.3194,0.7871
21,15,0.0560,13.4353,0.8087
21,16,0.0668,12.7866,0.8560
21,17,0.0612,13.1783,0.7730
21,18,0.0639,12.3729,0.8076
21,19,0.0917,11.5821,0.7031
21,20,0.0568,12.8659,0.7780
21,21,0.0562,12.6205,0.7602
21,22,0.0528,13.1139,0.8154
21,23,0.0583,12.9152,0.8519
21,24,0.0629,12.8327,nan
21,25,0.0403,14.2723,0.9078
22,1,0.0613,14.0356,0.8207
22,2,0.0478,15.2115,0.8960
22,3,0.0689,13.4378,0.7379
22,4,0.0621,13.2657,0.7715
22,5,0.0506,13.9806,0.8681
22,6,0.0689,13.4529,0.7598
22,7,0.0428,13.9753,0.8082
22,8,0.0561,13.1150,0.8272
22,9,0.0635,12.7024,0.7879
22,10,0.0595,12.3558,0.8472
22,11,0.0749,11.7528,0.7738
22,12,0.0558,12.6237,nan
22,13,0.0679,11.9518,0.7940
22,14,0.0780,11.8630,nan
22,15,0.0843,11.5884,0.6659
22,16,0.0465,13.3395,0.7416
22,17,0.0490,13.4086,0.7688
22,18,0.0532,13.3113,0.7806
22,19,0.0590,13.3703,0.8503
22,20,0.0557,13.5955,0.8375
22,21,0.0416,14.3343,0.8161
22,22,0.0423,14.2832,0.8461
22,23,0.0588,13.2921,0.8156
22,24,0.0614,14.0861,0.8018
22,25,0.0550,13.0388,0.8747
23,1,0.0538,13.0935,0.8053
23,2,0.0675,12.0977,0.7557
23,3,0.0551,12.7562,0.7697
23,4,0.0635,12.1633,0.7648
23,5,0.0637,12.2068,0.7279
23,6,0.0502,13.4296,0.7204
23,7,0.0614,12.7903,0.7872
23,8,0.0562,13.1645,0.7998
23,9,0.0633,12.8589,0.7406
23,10,0.0546,12.9748,0.8020
23,11,0.0570,12.9913,0.8553
23,12,0.0596,13.4905,0.7782
23,13,0.0475,13.9506,0.8478
23,14,0.0472,14.0167,0.7727
23,15,0.0361,14.5172,0.8497
23,16,0.0529,13.7986,0.8686
23,17,0.0608,13.1102,0.8679
23,18,0.0518,13.4827,0.7954
23,19,0.0626,12.2853,0.8426
23,20,0.0467,13.9021,0.9071
23,21,0.0422,14.1395,0.7841
23,22,0.0559,13.2255,0.8726
23,23,0.0762,12.4717,0.7933
23,24,0.0667,12.5569,0.7949
23,25,0.0402,14.3653,0.8694
24,1,0.0580,13.1474,0.7185
24,2,0.0635,12.7130,0.7422
24,3,0.0393,14.2356,0.8459
24,4,0.0698,12.5979,0.8266
24,5,0.0568,13.2359,0.7895
24,6,0.0600,12.7090,0.7427
24,7,0.0563,13.2738,0.7913
24,8,0.0457,13.7672,0.8177
24,9,0.0489,13.7667,0.8722
24,10,0.0698,12.7504,0.7280
24,11,0.0419,14.0800,0.8321
24,12,0.0661,12.4366,0.8002
24,13,0.0574,13.1058,0.7793
24,14,0.0413,14.0660,0.8071
24,15,0.0534,13.3127,0.8165
24,16,0.0434,14.2718,0.8407
24,17,0.0628,12.7905,0.8064
24,18,0.0707,12.8780,0.8396
24,19,0.0554,13.5301,0.8200
24,20,0.0496,13.6962,0.8149
24,21,0.0532,13.8142,0.8253
24,22,0.0554,13.2204,0.7657
24,23,0.0698,12.1187,0.7893
24,24,0.0451,13.6652,0.8920
24,25,0.0453,13.9921,0.8458
25,1,0.0533,13.6831,0.7660
25,2,0.0559,13.7701,0.7597
25,3,0.0569,13.3380,0.8149
25,4,0.0617,12.8891,0.7272
25,5,0.0575,12.7919,0.8652
25,6,0.0688,12.2046,0.8534
25,7,0.0489,13.4191,0.8559
25,8,0.0626,12.7398,0.6967
25,9,0.0459,13.9960,0.8783
25,10,0.0562,13.1220,0.7990
25,11,0.0807,11.7648,0.7856
25,12,0.0613,13.3301,nan
25,13,0.0457,13.5654,0.8929
25,14,0.0635,12.8471,0.8474
25,15,0.0595,12.7580,0.7726
25,16,0.0458,13.8164,0.8507
25,17,0.0521,13.3922,0.7729
25,18,0.0642,13.3874,0.7616
25,19,0.0574,13.5578,0.8125
25,20,0.0492,13.6694,0.8500
25,21,0.0607,13.2564,0.9019
25,22,0.0468,14.2449,0.8019
25,23,0.0616,12.8174,0.7908
25,24,0.0629,12.6298,0.7198
25,25,0.0436,13.8913,0.7953
26,1,0.0558,12.8519,0.7724
26,2,0.0837,12.0842,nan
26,3,0.0418,14.3929,0.8683
26,4,0.0895,11.3349,0.7687
26,5,0.0450,14.0544,0.8100
26,6,0.0574,13.3924,0.6968
26,7,0.0546,13.1609,0.8335
26,8,0.0510,13.8259,0.7873
26,9,0.0570,13.6321,0.8157
26,10,0.0391,14.3234,0.8886
26,11,0.0398,14.6481,nan
26,12,0.0330,15.6986,0.7979
26,13,0.0435,15.1090,0.8424
26,14,0.0754,13.0430,0.7738
26,15,0.0702,13.1281,0.7821
26,16,0.0777,11.7186,0.7373
26,17,0.0646,12.3618,0.7420
26,18,0.0678,11.9301,0.7834
26,19,0.0531,12.5173,0.8467
26,20,0.0642,12.5698,0.7392
26,21,0.0482,13.4468,0.8204
26,22,0.0653,13.1403,0.7518
26,23,0.0436,14.4598,0.9027
26,24,0.0593,14.0430,0.8349
26,25,0.0642,13.9319,0.7321
27,1,0.0672,12.4357,0.8171
27,2,0.0484,13.9297,0.8349
27,3,0.0509,13.7981,nan
27,4,0.0544,13.7667,0.7887
27,5,0.0651,13.3350,0.8132
27,6,0.0505,13.3398,0.8086
27,7,0.0526,13.1576,0.8044
27,8,0.0599,12.7963,0.8241
27,9,0.0469,13.4584,0.8756
27,10,0.0662,12.3182,0.7176
27,11,0.0623,12.6128,0.8211
27,12,0.0471,13.7356,0.8280
27,13,0.0439,14.2934,0.8232
27,14,0.0413,14.7011,0.8617
27,15,0.0705,12.9320,0.7319
27,16,0.0581,13.2555,0.7697
27,17,0.0633,13.0358,0.8188
27,18,0.0714,12.9811,0.7654
27,19,0.0401,14.3152,0.8801
27,20,0.0496,13.7675,0.8203
27,21,0.0481,13.4359,0.8745
27,22,0.0635,12.4225,0.6923
27,23,0.0671,12.4886,0.6985
27,24,0.0712,12.3853,0.8206
27,25,0.0574,12.6720,0.8004
28,1,0.0546,12.9015,0.7840
28,2,0.0589,12.6524,nan
28,3,0.0511,13.0916,0.8057
28,4,0.0582,12.9614,0.7857
28,5,0.0652,12.3384,0.6909
28,6,0.0473,13.6314,0.8352
28,7,0.0661,13.0079,0.8623
28,8,0.0729,11.9127,0.7190
28,9,0.0458,13.7473,0.8587
28,10,0.0446,13.6538,0.7264
28,11,0.0541,12.9747,0.7777
28,12,0.0661,12.5337,0.7651
28,13,0.0612,12.4272,0.7981
28,14,0.0560,13.1174,0.8294
28,15,0.0533,13.0403,0.7601
28,16,0.0386,14.3755,0.8405
28,17,0.0648,12.9164,0.7852
28,18,0.0479,13.9799,0.8366
28,19,0.0720,12.4222,0.7431
28,20,0.0465,14.3403,0.8173
28,21,0.0545,13.9436,0.8471
28,22,0.0719,12.4210,0.6996
28,23,0.0651,12.6416,0.6777
28,24,0.0651,11.9407,0.8298
28,25,0.0467,13.2587,0.7912
29,1,0.0489,13.1207,0.6842
29,2,0.0496,13.4313,0.8099
29,3,0.0339,14.8256,0.8142
29,4,0.0419,14.3155,0.8990
29,5,0.0365,15.7725,nan
29,6,0.0774,12.3904,0.8260
29,7,0.0773,13.6488,0.7733
29,8,0.0601,14.0995,0.7536
29,9,0.0591,13.3558,0.8673
29,10,0.0701,13.3607,0.8253
29,11,0.0562,13.4358,0.8201
29,12,0.0562,13.2463,0.8021
29,13,0.0699,12.1662,0.6284
29,14,0.0593,12.1656,0.7796
29,15,0.0657,11.7693,0.7884
29,16,0.0748,11.6930,0.6915
29,17,0.0514,13.0889,0.7793
29,18,0.0653,12.2761,0.7751
29,19,0.0483,13.2871,0.8427
29,20,0.0526,13.8385,0.8403
29,21,0.0545,14.0738,0.8715
29,22,0.0584,12.9708,0.8051
29,23,0.0505,14.5056,nan
29,24,0.0741,13.2254,0.7024
29,25,0.0842,11.6626,0.6607
30,1,0.0632,12.6086,0.7895
30,2,0.0640,12.4480,0.7787
30,3,0.0461,13.3695,0.8505
30,4,0.0616,12.5432,0.8126
30,5,0.0617,12.4351,0.7287
30,6,0.0709,11.8183,0.7668
30,7,0.0545,12.7443,0.7176
30,8,0.0493,12.9296,0.7941
30,9,0.0581,12.9348,0.8538
30,10,0.0608,12.2668,0.7712
30,11,0.0518,13.1107,0.7594
30,12,0.0417,14.3956,0.8270
30,13,0.0771,12.2205,0.8174
30,14,0.0517,13.8585,nan
30,15,0.0716,13.1555,0.7842
30,16,0.0503,13.6543,0.8027
30,17,0.0515,14.0614,0.8833
30,18,0.0606,12.8503,nan
30,19,0.0538,13.5084,0.7559
30,20,0.0619,12.8723,0.7793
30,21,0.0610,12.7396,0.7855
30,22,0.0604,13.0424,0.8658
30,23,0.0667,12.3612,0.7944
30,24,0.0594,13.4636,0.7841
30,25,0.0386,14.3534,0.8291
31,1,0.0871,11.5557,0.6473
31,2,0.0480,13.3295,0.8326
31,3,0.0465,13.6726,0.7317
31,4,0.0692,12.3327,0.6896
31,5,0.0594,12.5773,0.7348
31,6,0.0515,13.2191,0.8627
31,7,0.0517,13.2603,0.7617
31,8,0.0571,13.1535,0.7783
31,9,0.0548,13.3814,0.7999
31,10,0.0753,12.3642,0.8320
31,11,0.0554,13.4720,0.7365
31,12,0.0438,14.1601,0.8080
31,13,0.0457,14.1750,0.8025
31,14,0.0400,14.2460,0.7722
31,15,0.0578,12.8310,0.8464
31,16,0.0460,14.0433,0.8187
31,17,0.0390,14.6051,0.8924
31,18,0.0752,12.3569,0.7539
31,19,0.0486,14.0489,0.7744
31,20,0.0448,14.7714,0.8473
31,21,0.0534,13.1704,0.6519
31,22,0.0499,13.2561,0.8467
31,23,0.0499,13.1763,0.7655
31,24,0.0572,13.0874,0.7918
31,25,0.0471,13.5022,0.8123
32,1,0.0485,14.4755,0.8328
32,2,0.0689,13.0790,0.8786
32,3,0.0597,13.2092,0.6989
32,4,0.0460,14.0238,0.7771
32,5,0.0373,14.7500,0.8396
32,6,0.0455,13.8297,0.8661
32,7,0.0754,12.2807,0.7201
32,8,0.0582,13.1152,0.7579
32,9,0.0426,14.5836,0.8202
32,10,0.0460,14.4955,0.8722
32,11,0.0478,13.9191,0.8695
32,12,0.0675,12.7077,0.6829
32,13,0.0655,12.5515,0.7361
32,14,0.0669,12.3943,0.6728
32,15,0.0570,12.6292,0.7722
32,16,0.0451,13.3846,0.8221
32,17,0.0584,12.8503,0.7469
32,18,0.0560,13.5599,0.8286
32,19,0.0588,13.1438,0.7185
32,20,0.0409,15.1439,0.8287
32,21,0.0627,12.8391,0.7686
32,22,0.0344,15.0964,0.8256
32,23,0.0480,14.2760,0.8450
32,24,0.0568,13.5784,0.8038
32,25,0.0790,11.6625,0.6825
33,1,0.0721,12.4956,0.7839
33,2,0.0502,13.4196,0.8218
33,3,0.0578,12.7195,0.8171
33,4,0.0682,12.1329,0.7555
33,5,0.0530,12.7064,0.8306
33,6,0.0602,12.1882,0.7103
33,7,0.0433,13.8340,0.8722
33,8,0.0429,14.0057,0.8276
33,9,0.0488,13.7843,0.8531
33,10,0.0681,13.1607,0.8287
33,11,0.0324,16.6188,0.8375
33,12,0.0697,13.0638,0.8041
33,13,0.0496,14.6183,0.8210
33,14,0.0468,13.9142,0.8290
33,15,0.0736,12.7649,0.7832
33,16,0.0462,14.5471,0.8483
33,17,0.0536,13.2404,0.7817
33,18,0.0548,12.6959,0.8379
33,19,0.0781,11.6945,0.7566
33,20,0.0624,12.1810,0.7480
33,21,0.0658,11.8465,0.7824
33,22,0.0577,12.2925,0.8732
33,23,0.0580,12.5993,nan
33,24,0.0668,12.2551,0.8316
33,25,0.0463,13.8039,0.8462
34,1,0.0664,12.7625,0.7872
34,2,0.0683,12.4583,0.7837
34,3,0.0452,14.9068,0.8273
34,4,0.0484,13.8356,0.8361
34,5,0.0494,14.2762,0.8304
34,6,0.0529,13.6879,0.8269
34,7,0.0807,12.3007,0.7909
34,8,0.0350,15.5842,0.8208
34,9,0.0423,13.9978,0.8338
34,10,0.0813,12.0710,0.7106
34,11,0.0531,13.2772,0.7781
34,12,0.0468,13.4419,0.8465
34,13,0.0525,13.6390,0.7770
34,14,0.0681,12.3096,0.8360
34,15,0.0517,13.2186,0.7938
34,16,0.0570,13.3546,0.8648
34,17,0.0624,13.1284,0.8046
34,18,0.0363,14.7759,0.8420
34,19,0.0596,13.6323,0.8539
34,20,0.0723,12.1230,0.7760
34,21,0.0609,13.4467,0.8165
34,22,0.0729,12.1956,0.7962
34,23,0.0420,14.1470,0.8336
34,24,0.0711,12.5138,0.7391
34,25,0.0609,12.5909,0.6388
35,1,0.0610,12.6109,0.7956
35,2,0.0586,12.4094,0.7211
35,3,0.0641,12.2452,0.7285
35,4,0.0637,12.3904,0.7096
35,5,0.0504,12.9638,0.7846
35,6,0.0649,12.0093,0.6906
35,7,0.0636,12.8657,0.7592
35,8,0.0501,13.6640,0.8732
35,9,0.0546,13.3949,0.7960
35,10,0.0698,12.4609,0.7737
35,11,0.0531,13.6145,0.7607
35,12,0.0393,14.6811,0.8015
35,13,0.0577,13.2920,0.8216
35,14,0.0524,13.6525,0.8339
35,15,0.0579,13.4858,0.8093
35,16,0.0476,14.1354,0.7757
35,17,0.0598,13.0969,0.8542
35,18,0.0588,13.4947,0.7489
35,19,0.0596,13.2011,0.8544
35,20,0.0655,12.8494,0.9003
35,21,0.0540,13.1326,0.7576
35,22,0.0628,12.5110,0.7003
35,23,0.0485,13.3682,0.8110
35,24,0.0461,13.6241,0.8522
35,25,0.0436,13.8799,0.7459
36,1,0.0635,13.0510,0.8509
36,2,0.0521,13.4292,0.7401
36,3,0.0610,12.7671,0.7529
36,4,0.0618,13.0237,0.7158
36,5,0.0586,13.3161,0.7353
36,6,0.0575,13.0102,0.7434
36,7,0.0528,13.3686,0.8036
36,8,0.0428,13.9249,0.8572
36,9,0.0444,13.6897,0.8065
36,10,0.0527,13.4032,0.7708
36,11,0.0729,12.1173,0.7636
36,12,0.0419,14.4515,0.7671
36,13,0.0703,12.3710,0.8385
36,14,0.0505,13.4815,0.8022
36,15,0.0555,12.7656,0.8183
36,16,0.0801,11.8913,0.6764
36,17,0.0560,13.0430,0.7861
36,18,0.0533,12.9767,0.8069
36,19,0.0477,13.2157,0.7835
36,20,0.0467,13.5934,0.7506
36,21,0.0569,13.2504,0.6672
36,22,0.0432,14.0163,0.8274
36,23,0.0645,12.9176,0.7371
36,24,0.0427,14.9777,0.8303
36,25,0.0403,14.8501,0.9183
37,1,0.0521,14.2117,0.8437
37,2,0.0579,13.9414,0.8231
37,3,0.0819,13.0545,0.7731
37,4,0.0544,13.7013,0.8356
37,5,0.0412,14.8126,nan
37,6,0.0788,12.1306,0.8090
37,7,0.0496,13.5858,0.7844
37,8,0.0479,13.4161,0.8828
37,9,0.0544,13.0035,0.8007
37,10,0.0536,12.8392,0.8240
37,11,0.0634,12.0830,0.7148
37,12,0.0583,12.4382,0.8062
37,13,0.0719,11.7119,0.6846
37,14,0.0579,12.5131,0.7770
37,15,0.0590,12.7850,0.7744
37,16,0.0684,12.3291,0.7951
37,17,0.0487,13.1209,0.7591
37,18,0.0427,13.5885,0.8210
37,19,0.0548,13.1759,0.8367
37,20,0.0391,14.4383,0.8718
37,21,0.0391,15.0952,0.7656
37,22,0.0367,15.0823,0.8592
37,23,0.0656,14.2565,0.7483
37,24,0.0738,13.1153,0.7547
37,25,0.0502,13.5695,0.8507
38,1,0.0946,12.2706,0.6908
38,2,0.0358,15.8326,0.8656
38,3,0.0545,13.5528,0.8412
38,4,0.0527,13.1810,0.7859
38,5,0.0721,11.6629,0.6329
38,6,0.0585,12.7008,0.7368
38,7,0.0543,12.7235,0.7803
38,8,0.0618,12.4999,0.7579
38,9,0.0806,11.4700,0.7402
38,10,0.0635,12.1458,0.7553
38,11,0.0478,13.1621,0.7600
38,12,0.0559,12.9517,0.7685
38,13,0.0571,12.8524,0.8018
38,14,0.0538,13.1935,0.6694
38,15,0.0463,13.6918,0.8221
38,16,0.0481,13.7264,0.8059
38,17,0.0497,13.5686,0.7613
38,18,0.0528,13.8766,0.8100
38,19,0.0580,13.4603,0.8690
38,20,0.0558,14.2208,0.8401
38,21,0.0502,13.9453,0.8069
38,22,0.0387,15.2372,0.7858
38,23,0.0614,12.6198,0.7201
38,24,0.0466,14.2298,0.7678
38,25,0.0574,13.7099,0.7331
39,1,0.0740,12.2655,0.8017
39,2,0.0419,14.0418,0.8419
39,3,0.0451,14.0629,0.8461
39,4,0.0449,14.2611,0.8221
39,5,0.0270,15.8837,0.8206
39,6,0.0440,14.5573,0.8446
39,7,0.0601,13.4111,0.8299
39,8,0.0633,13.6441,0.7321
39,9,0.0518,14.6259,0.7694
39,10,0.0589,14.1389,0.8732
39,11,0.0656,13.6075,0.7477
39,12,0.0756,12.5249,0.7013
39,13,0.0564,12.8771,0.7633
39,14,0.0559,13.0128,0.7041
39,15,0.0543,12.9562,0.8118
39,16,0.0566,12.3254,0.7674
39,17,0.0606,12.3198,0.7089
39,18,0.0463,13.4037,0.7805
39,19,0.0535,12.9740,0.7365
39,20,0.0727,12.5391,0.7798
39,21,0.0486,14.0380,0.7940
39,22,0.0621,13.2977,0.7383
39,23,0.0643,12.7034,0.7321
39,24,0.0536,13.1408,0.8489
39,25,0.0771,12.1607,0.7942
40,1,0.0548,13.3273,0.8525
40,2,0.0765,12.6822,0.6360
40,3,0.0430,13.7099,0.8732
40,4,0.0518,12.9738,0.7487
40,5,0.0478,13.3395,0.7879
40,6,0.0482,13.2819,0.8523
40,7,0.0455,13.7106,0.8172
40,8,0.0718,12.4709,0.7303
40,9,0.0699,12.4848,0.7345
40,10,0.0502,13.4223,0.8298
40,11,0.0499,14.2156,0.7992
40,12,0.0685,12.3399,0.7606
40,13,0.0776,12.3395,0.6207
40,14,0.0752,11.9529,0.7861
40,15,0.0417,13.9492,0.7865
40,16,0.0600,12.8936,0.7715
40,17,0.0366,14.5510,0.8668
40,18,0.0628,12.4665,0.7772
40,19,0.0451,13.7141,0.7828
40,20,0.0823,11.8248,0.6365
40,21,0.0582,14.2238,0.7327
40,22,0.0414,14.1734,0.7655
40,23,0.0394,15.2722,0.7733
40,24,0.0636,12.6754,0.7029
40,25,0.0655,13.0412,0.7870
41,1,0.0552,13.4070,0.8583
41,2,0.0582,13.1572,0.7760
41,3,0.0522,13.0969,0.7505
41,4,0.0673,12.3436,0.6983
41,5,0.0738,11.8686,0.7798
41,6,0.0584,12.2351,0.8042
41,7,0.0542,12.7603,0.7650
41,8,0.0507,13.1499,0.7840
41,9,0.0574,13.0064,0.7813
41,10,0.0495,13.8654,0.7685
41,11,0.0528,13.7308,0.8489
41,12,0.0444,14.1753,0.8555
41,13,0.0406,14.5974,0.8154
41,14,0.0559,13.3809,0.8127
41,15,0.0592,13.3101,0.8409
41,16,0.0574,13.4535,0.9018
41,17,0.0521,13.6398,0.7059
41,18,0.0533,13.1453,0.8222
41,19,0.0625,13.1253,0.7559
41,20,0.0595,12.8977,0.9061
41,21,0.0539,12.9187,0.7433
41,22,0.0584,12.5090,0.8177
41,23,0.0575,13.0371,0.6373
41,24,0.0611,12.8301,0.7892
41,25,0.0841,11.3637,0.6562
42,1,0.0439,13.6636,0.7795
42,2,0.0659,12.5796,0.7806
42,3,0.0575,12.8022,0.7287
42,4,0.0683,12.2516,0.7932
42,5,0.0431,13.7901,0.7721
42,6,0.0508,13.4896,0.8218
42,7,0.0519,13.0548,0.8736
42,8,0.0506,13.9911,0.8520
42,9,0.0684,13.5260,0.7909
42,10,0.0412,15.0066,0.8829
42,11,0.0579,14.2501,0.7782
42,12,0.0606,13.0472,0.6825
42,13,0.0497,14.1313,0.7943
42,14,0.0670,12.5127,0.7146
42,15,0.0352,15.1560,0.8342
42,16,0.0613,13.4127,0.7842
42,17,0.0672,12.3806,0.8382
42,18,0.0551,12.6173,0.7382
42,19,0.0480,13.4167,0.8390
42,20,0.0422,14.1694,0.8704
42,21,0.0577,13.1597,0.7693
42,22,0.0438,13.9565,0.8793
42,23,0.0411,14.3848,0.8439
42,24,0.0492,13.6071,0.8213
42,25,0.0542,13.4176,0.8284
43,1,0.0531,14.5612,0.7705
43,2,0.0597,13.3568,0.7706
43,3,0.0551,14.4920,0.7922
43,4,0.0610,12.7253,0.7797
43,5,0.0566,13.3125,0.8158
43,6,0.0603,12.4350,0.8329
43,7,0.0475,13.2038,0.7982
43,8,0.0709,11.7981,0.8402
43,9,0.0478,13.1906,0.7774
43,10,0.0637,12.4345,0.7549
43,11,0.0739,11.8035,0.6802
43,12,0.0499,13.3365,0.8302
43,13,0.0605,12.4708,0.7232
43,14,0.0581,12.7020,0.7388
43,15,0.0584,12.8704,0.7807
43,16,0.0564,12.6818,0.8356
43,17,0.0451,13.4058,0.8741
43,18,0.0751,11.9564,0.7568
43,19,0.0615,12.8276,0.7806
43,20,0.0555,13.3293,0.7398
43,21,0.0506,13.3031,nan
43,22,0.0396,14.2576,0.8348
43,23,0.0420,14.4444,0.7442
43,24,0.0642,12.9934,0.7781
43,25,0.0573,13.7537,0.9152
44,1,0.0638,13.0307,0.7863
44,2,0.0503,13.8793,0.7423
44,3,0.0482,14.3556,0.7848
44,4,0.0482,13.5712,0.8132
44,5,0.0549,13.4681,0.7665
44,6,0.0586,12.9871,0.7933
44,7,0.0611,12.5478,0.6839
44,8,0.0502,13.4338,0.7953
44,9,0.0556,13.0447,0.8228
44,10,0.0542,13.1328,0.7389
44,11,0.0595,12.9788,0.8184
44,12,0.0566,13.2273,0.7414
44,13,0.0469,13.7656,0.8541
44,14,0.0411,13.9913,0.8342
44,15,0.0518,13.3041,0.7722
44,16,0.0316,15.4231,0.8410
44,17,0.0714,13.2026,0.8081
44,18,0.0482,14.7823,0.8255
44,19,0.0592,13.0531,0.8157
44,20,0.0661,12.8752,0.6938
44,21,0.0443,14.5406,0.8105
44,22,0.0673,12.8416,0.7750
44,23,0.0442,13.6572,0.7752
44,24,0.0671,12.3935,0.7307
44,25,0.0452,13.5768,0.8239
45,1,0.0592,12.9167,0.7136
45,2,0.0613,12.7343,0.7920
45,3,0.0622,13.1405,0.7229
45,4,0.0386,14.3693,nan
45,5,0.0599,12.8635,0.8116
45,6,0.0482,13.6327,0.8083
45,7,0.0560,13.1852,0.8059
45,8,0.0415,13.9308,0.8026
45,9,0.0400,14.2150,0.9143
45,10,0.0534,13.9004,0.8008
45,11,0.0348,15.2897,0.8359
45,12,0.0555,13.7771,0.7599
45,13,0.0741,12.4639,0.6883
45,14,0.0320,15.3324,0.8831
45,15,0.0597,13.3934,0.8903
45,16,0.0658,12.6548,0.8132
45,17,0.0605,12.6459,0.7594
45,18,0.0559,12.3525,0.7891
45,19,0.0507,13.1043,0.7848
45,20,0.0621,13.4135,0.7096
45,21,0.0620,12.9488,0.7512
45,22,0.0618,13.3056,0.7986
45,23,0.0485,14.2858,0.8176
45,24,0.0450,14.3012,0.8099
45,25,0.0504,13.6561,0.9024
46,1,0.0612,12.7768,0.7288
46,2,0.0393,14.0768,0.8228
46,3,0.0553,13.2322,0.7548
46,4,0.0545,13.3143,0.7813
46,5,0.0562,13.0511,0.8369
46,6,0.0434,13.9515,0.8036
46,7,0.0586,12.8731,0.8073
46,8,0.0436,13.7152,0.8305
46,9,0.0460,13.6016,0.7986
46,10,0.0446,14.3004,nan
46,11,0.0445,14.4168,nan
46,12,0.0519,14.1490,0.8441
46,13,0.0471,14.5618,0.7525
46,14,0.0534,14.4646,0.8608
46,15,0.0554,14.5631,0.7782
46,16,0.0392,14.4404,0.8619
46,17,0.0534,13.3857,0.7458
46,18,0.0488,14.2656,0.7937
46,19,0.0500,13.4839,0.7264
46,20,0.0562,13.0798,0.7158
46,21,0.0617,12.6867,0.6765
46,22,0.0666,12.0941,0.7278
46,23,0.0592,12.4537,0.7157
46,24,0.0546,12.5478,0.7341
46,25,0.0681,12.0752,0.8090
47,1,0.0514,13.3449,0.8029
47,2,0.0461,14.0604,0.7825
47,3,0.0584,13.2151,0.8252
47,4,0.0490,14.0171,0.7935
47,5,0.0554,12.8685,0.7304
47,6,0.0739,12.2419,0.6386
47,7,0.0597,12.3206,0.7240
47,8,0.0584,12.4076,0.7570
47,9,0.0483,13.3811,0.8797
47,10,0.0462,13.5639,0.7519
47,11,0.0369,15.0406,0.8879
47,12,0.0536,14.4670,0.8049
47,13,0.0587,13.8985,0.7965
47,14,0.0571,13.7309,0.8290
47,15,0.0463,14.5628,0.8396
47,16,0.0400,14.8893,0.7899
47,17,0.0407,14.6434,0.6942
47,18,0.0473,13.9269,0.8451
47,19,0.0592,13.0419,0.7995
47,20,0.0404,14.6186,0.8838
47,21,0.0537,13.7219,0.7645
47,22,0.0619,13.4255,0.7709
47,23,0.0418,14.7293,0.7575
47,24,0.0410,14.2659,0.7974
47,25,0.0233,16.3443,0.8763
48,1,0.0504,14.5727,0.7992
48,2,0.0562,13.9775,0.7255
48,3,0.0441,15.0490,0.8101
48,4,0.0323,15.7684,0.8708
48,5,0.0426,14.4357,0.8098
48,6,0.0457,14.3685,0.8854
48,7,0.0529,13.9821,0.7695
48,8,0.0559,13.2377,0.7458
48,9,0.0516,13.4515,0.7810
48,10,0.0573,13.3218,0.7635
48,11,0.0465,13.6777,0.7160
48,12,0.0423,13.9306,0.8078
48,13,0.0379,15.4102,0.7887
48,14,0.0521,14.3326,0.8387
48,15,0.0507,14.1771,0.8039
48,16,0.0569,14.0455,0.8400
48,17,0.0708,13.1648,0.8848
48,18,0.0369,14.9597,0.8253
48,19,0.0413,14.8312,0.7791
48,20,0.0489,13.8309,0.8048
48,21,0.0648,12.4496,0.7305
48,22,0.0592,12.8518,0.7957
48,23,0.0438,13.9881,0.8275
48,24,0.0433,14.2365,0.7254
48,25,0.0459,13.9884,nan
49,1,0.0429,14.5992,0.8158
49,2,0.0536,14.2055,0.7987
49,3,0.0513,14.1296,0.7464
49,4,0.0590,13.4183,0.8216
49,5,0.0729,12.2259,0.8247
49,6,0.0437,14.1147,0.7630
49,7,0.0407,13.8941,0.7545
49,8,0.0518,13.2938,0.8228
49,9,0.0534,13.3794,0.7873
49,10,0.0593,12.9808,0.7920
49,11,0.0475,14.1507,0.7622
49,12,0.0570,13.1679,0.7416
49,13,0.0407,14.7103,0.7762
49,14,0.0446,14.1611,0.8052
49,15,0.0733,12.2770,0.6233
49,16,0.0401,14.0983,0.7611
49,17,0.0562,12.7482,nan
49,18,0.0461,13.7213,0.8794
49,19,0.0559,13.0221,0.7297
49,20,0.0745,12.1779,0.7126
49,21,0.0491,13.5014,0.8467
49,22,0.0476,13.6355,0.8375
49,23,0.0401,14.3173,0.7589
49,24,0.0496,13.5031,0.7246
49,25,0.0438,14.9733,0.7852
50,1,0.0271,15.6686,0.9033
50,2,0.0507,14.0601,0.8885
50,3,0.0353,15.1138,0.8559
50,4,0.0679,13.7898,nan
50,5,0.0412,15.0786,0.8074
50,6,0.0435,15.0666,nan
50,7,0.0407,14.8620,0.7286
50,8,0.0612,13.0311,0.8142
50,9,0.0676,12.3417,0.7352
50,10,0.0387,14.1210,0.8344
50,11,0.0533,13.3342,0.7846
50,12,0.0564,13.5315,0.7446
50,13,0.0398,14.5841,0.8140
50,14,0.0485,14.0564,0.8527
50,15,0.0461,13.8489,0.7565
50,16,0.0454,14.0642,0.8349
50,17,0.0432,13.9407,0.8120
50,18,0.0629,12.7006,0.7597
50,19,0.0460,13.8263,0.8315
50,20,0.0412,13.9973,0.7371
50,21,0.0642,12.7279,0.7394
50,22,0.0495,13.7577,nan
50,23,0.0355,14.7988,0.8680
50,24,0.0602,13.5678,0.7916
50,25,0.0287,15.6730,0.8855
